{
  "esc_E_off": 0.00011,
  "esc_E_on": 7e-05,
  "esc_F_s": 12550,
  "esc_Q_rr": 1.9e-07,
  "esc_R_ds_on": 0.006428129677311848,
  "esc_V_F": 2.884681806089211,
  "esc_V_ds_ov": 1.2222222222222223,
  "esc_r_D": 0.003448696395697723
}