{
  "esc_E_off": 0.00011,
  "esc_E_on": 7e-05,
  "esc_F_s": 12550,
  "esc_Q_rr": 1.9e-07,
  "esc_R_ds_on": 0.008256754167097705,
  "esc_V_F": 3.338359854985,
  "esc_V_ds_ov": 2.0,
  "esc_r_D": 0.004027165799996619
}