{
  "batt_C_1": 763.5350737712305,
  "batt_C_2": 212113.61911925237,
  "batt_N_S": 3,
  "batt_Q": 172800,
  "batt_R_0": 0.004833021318920369,
  "batt_R_1": 0.005009783862137879,
  "batt_R_2": 0.09739310817004393,
  "batt_eta": 1,
  "batt_k_V_OC_coeffs": {
    "__ndarray__": true,
    "data": [
      10.786458333333336,
      3.5863893516615426,
      -3.075301140054024,
      1.6163721813714582
    ],
    "dtype": "float64",
    "shape": [
      4
    ]
  },
  "esc_E_off": 0.00011,
  "esc_E_on": 7e-05,
  "esc_F_s": 12550,
  "esc_Q_rr": 1.9e-07,
  "esc_R_ds_on": 0.006428129677311848,
  "esc_V_F": 2.884681806089211,
  "esc_V_ds_ov": 1.2222222222222223,
  "esc_R_D": 0.003448696395697723,
  "hull_C_T": 0.010164657977504103,
  "hull_M": 293.7,
  "hull_M_a": 0.13930375506724846,
  "hull_S_air": 4.188174709710495,
  "hull_S_water": 4.050226176680205,
  "hull_T_ded": 0.048239289362583315,
  "hull_W": 0.09274643880385036,
  "motor_B": 0.001401819826389131,
  "motor_I_r": 0.011815137847671575,
  "motor_I_r_load": 0,
  "motor_K_Q": 0.10638460838741098,
  "motor_K_V": 0.10178006369696158,
  "motor_L_A": 6.24949639106588e-05,
  "motor_R_A": 0.0195442230227981,
  "mppt_eta": 0.9323459474182263,
  "mppts_n": 4,
  "oth_p_in": 27.0,
  "prop_D": 0.2286,
  "prop_I_r": 0.0006206230843189697,
  "prop_J_max": 1.5,
  "prop_eta_R": 0.9999499634176304,
  "prop_k_Q_coeffs": {
    "__ndarray__": true,
    "data": [
      0.05473264868930798,
      -0.017556216457405804,
      -0.0005333992102042463,
      -0.010768694926235431
    ],
    "dtype": "float64",
    "shape": [
      4
    ]
  },
  "prop_k_T_coeffs": {
    "__ndarray__": true,
    "data": [
      0.3721782998727809,
      -0.1083687294872245,
      -0.1673823957909309,
      0.02824900232697998
    ],
    "dtype": "float64",
    "shape": [
      4
    ]
  },
  "pv_S": 1.6367999999999998,
  "pv_eta": 0.14309907292684962,
  "rho_air": 1.1839,
  "rho_water": 1023,
  "trans_I_r_in": 0,
  "trans_I_r_out": 0,
  "trans_eta": 0.95,
  "trans_k": 0.6363636363636364
}