{
  "mppt_eta": 0.9323459474182263,
  "mppts_n": 4,
  "pv_S": 1.6367999999999998,
  "pv_eta": 0.14309907292684962
}