{
  "mppt_eta": 0.9169847543904102,
  "mppts_n": 4,
  "pv_S": 1.6367999999999998,
  "pv_eta": 0.15553707966836625
}