{
  "AEA0": 0.24224057749928943,
  "blade_area_cm2": 99.42354101142746,
  "blade_area_per_blade_cm2": 33.14118033714249,
  "chord_cm": 9.297642837773832,
  "disk_area_cm2": 410.4330580689732,
  "prop_diameter_cm": 22.86
}