{
  "batt_k_V_OC_coeffs": {
    "__ndarray__": true,
    "data": [
      10.786458333333336,
      3.5863893516615426,
      -3.075301140054024,
      1.6163721813714582
    ],
    "dtype": "float64",
    "shape": [
      4
    ]
  },
  "batt_ocv_lut": {
    "__ndarray__": true,
    "data": [
      10.786458333333336,
      10.95829159458895,
      11.115960629280321,
      11.26067771654348,
      11.393655135514456,
      11.516105165329273,
      11.629240085123966,
      11.734272174034558,
      11.832413711197082,
      11.924876975747564,
      12.012874246822033,
      12.097617803556519,
      12.180319925087048,
      12.26219289054965,
      12.344448979080354,
      12.428300469815188,
      12.514959641890181,
      12.605638774441362,
      12.701550146604758,
      12.803906037516398,
      12.913918726312312
    ],
    "dtype": "float64",
    "shape": [
      21
    ]
  }
}