{
  "batt_C_1": 178.5586606298482,
  "batt_C_2": 144235.60217487614,
  "batt_N_S": 3,
  "batt_Q": 172800,
  "batt_R_0": 0.004348118891262343,
  "batt_R_1": 0.0051659150313201774,
  "batt_R_2": 0.07033472607300116,
  "batt_eta": 1,
  "batt_k_V_OC_coeffs": {
    "__ndarray__": true,
    "data": [
      10.786458333333336,
      3.5863893516615426,
      -3.075301140054024,
      1.6163721813714582
    ],
    "dtype": "float64",
    "shape": [
      4
    ]
  }
}