{
  "batt_C_1": 763.5350737712305,
  "batt_C_2": 212113.61911925237,
  "batt_N_S": 3,
  "batt_Q": 172800,
  "batt_R_0": 0.004833021318920369,
  "batt_R_1": 0.005009783862137879,
  "batt_R_2": 0.09739310817004393,
  "batt_eta": 1,
  "batt_k_V_OC_coeffs": {
    "__ndarray__": true,
    "data": [
      10.786458333333336,
      3.5863893516615426,
      -3.075301140054024,
      1.6163721813714582
    ],
    "dtype": "float64",
    "shape": [
      4
    ]
  }
}