{
  "batt_C_1_coeffs": [
    99734.95414951723
  ],
  "batt_N_S": 3,
  "batt_Q": 172800,
  "batt_R_0_coeffs": [
    0.024350919380365037
  ],
  "batt_R_1_coeffs": [
    0.04999998529979123
  ],
  "batt_eta": 1,
  "batt_k_V_OC_coeffs": {
    "__ndarray__": true,
    "data": [
      10.786458333333336,
      3.5863893516615426,
      -3.075301140054024,
      1.6163721813714582
    ],
    "dtype": "float64",
    "shape": [
      4
    ]
  }
}