k,a,v0,motor_v_min,motor_v_max
2.460330019741143,0.6109103174709903,7.965297002554943,0.0,36.290176
