{
  "esc_E_off": 0.00011,
  "esc_E_on": 7e-05,
  "esc_F_s": 12550,
  "esc_Q_rr": 1.9e-07,
  "esc_R_ds_on": 0.008256754167097705,
  "esc_V_F": 3.338359854985,
  "esc_V_ds_ov": 2.0,
  "esc_r_D": 0.004027165799996619,
  "esc_tau_fall": 0.05382311411057277,
  "esc_tau_rise": 0.45185746234392316,
  "hull_C_T": 0.005448399998501737,
  "hull_M": 293.7,
  "hull_M_a": 0.15195016919075136,
  "hull_S_air": 4.188174709710495,
  "hull_S_water": 4.050226176680205,
  "hull_T_ded": 0.4184892215005117,
  "hull_W": 0.0007050254981052087,
  "motor_B": 0.0012793008044770459,
  "motor_I_r": 0.011828773027862982,
  "motor_I_r_load": 0,
  "motor_K_Q": 0.10543193741528227,
  "motor_K_V": 0.10337093946599393,
  "motor_L_A": 6.336356266841513e-05,
  "motor_R_A": 0.019579524515654242,
  "prop_D": 0.2286,
  "prop_I_r": 0.0009628344536782173,
  "prop_eta_R": 0.9999703722115555,
  "prop_k_Q_coeffs": {
    "__ndarray__": true,
    "data": [
      0.05473053024961239,
      -0.017556242270694425,
      -0.0005333881255920763,
      -0.010768694926235431
    ],
    "dtype": "float64",
    "shape": [
      4
    ]
  },
  "prop_k_T_coeffs": {
    "__ndarray__": true,
    "data": [
      0.3721782998727809,
      -0.10836846071678106,
      -0.16738142423188487,
      0.02824900232697998
    ],
    "dtype": "float64",
    "shape": [
      4
    ]
  },
  "rho_air": 1.1839,
  "rho_water": 1023,
  "trans_I_r_in": 0,
  "trans_I_r_out": 0,
  "trans_eta": 0.9998189726543987,
  "trans_k": 0.6363636363636364
}