{
  "esc_E_off": 0.00011,
  "esc_E_on": 7e-05,
  "esc_F_s": 12550,
  "esc_Q_rr": 1.9e-07,
  "esc_R_ds_on": 0.006428129677311848,
  "esc_V_F": 2.884681806089211,
  "esc_V_ds_ov": 1.2222222222222223,
  "esc_r_D": 0.003448696395697723,
  "hull_C_T": 0.01060934556478102,
  "hull_M": 293.7,
  "hull_M_a": 1.813031448449969,
  "hull_S_air": 4.188174709710495,
  "hull_S_water": 4.050226176680205,
  "hull_T_ded": 0.04812126617827417,
  "hull_W": 0.09320662867117831,
  "motor_B": 0.001401819826389131,
  "motor_I_r": 0.011815137847671575,
  "motor_I_r_load": 0,
  "motor_K_Q": 0.10638460838741098,
  "motor_K_V": 0.10178006369696158,
  "motor_L_A": 6.24949639106588e-05,
  "motor_R_A": 0.0195442230227981,
  "prop_D": 0.2286,
  "prop_I_r": 3.732012269569299e-05,
  "prop_J_max": 1.5,
  "prop_eta_R": 0.9997285442770794,
  "prop_k_Q_coeffs": {
    "__ndarray__": true,
    "data": [
      0.05473264868930798,
      -0.017556216457405804,
      -0.0005333992102042463,
      -0.010768694926235431
    ],
    "dtype": "float64",
    "shape": [
      4
    ]
  },
  "prop_k_T_coeffs": {
    "__ndarray__": true,
    "data": [
      0.3721782998727809,
      -0.1083687294872245,
      -0.1673823957909309,
      0.02824900232697998
    ],
    "dtype": "float64",
    "shape": [
      4
    ]
  },
  "rho_air": 1.1839,
  "rho_water": 1023,
  "trans_I_r_in": 0,
  "trans_I_r_out": 0,
  "trans_eta": 0.9899978997253387,
  "trans_k": 0.6363636363636364
}