{
  "air_rho": 1.1839,
  "esc_P_in": 4768.1207946588775,
  "esc_P_out": 4629.773406250139,
  "esc_eta": 0.97098492375367,
  "hull_B": 0.9634856741038357,
  "hull_C_B": 0.385,
  "hull_C_T": 33.74154516087492,
  "hull_Fn": 0.6893509758321473,
  "hull_L": 5.202762254164356,
  "hull_M": 293.7,
  "hull_S_air": 4.188174709710495,
  "hull_S_water": 4.050226176680205,
  "hull_T": 0.14876074371822862,
  "hull_T_ded": 0.0855,
  "hull_W": 0.14250000000000002,
  "hull_eta_H": 1.0664723032069972,
  "hull_k_R": 0.6,
  "hull_u": 4.924837315253742,
  "motor_P_shaft": 4299.132625935011,
  "motor_eta": 0.9285838093352977,
  "motor_i": 146.14196662131977,
  "motor_n": 45.03248973314215,
  "motor_rpm": 2701.949383988529,
  "motor_v": 32.62663631052632,
  "motor_w": 282.9474778369943,
  "prop_A0": 0.041043305806897315,
  "prop_AE": 0.009942354101142746,
  "prop_A_blade": 0.0033141180337142484,
  "prop_D": 0.2286,
  "prop_I_r": 0.0005545487788185924,
  "prop_I_r_details": {
    "J_blade": 0.00010598285999434486,
    "J_hub": 0.0002366001988355578,
    "J_total": 0.0005545487788185924,
    "prop_L_radial": 0.0843,
    "prop_blade_m": 0.044740593455142356,
    "prop_blade_thickness": 0.005,
    "prop_blades_total_m": 0.13422178036542706,
    "prop_hub_m": 0.5257782196345729,
    "prop_mat_rho": 2700.0
  },
  "prop_I_ra": 0.6446418225780421,
  "prop_L_radial": 0.0843,
  "prop_P_shaft": 3806.2941957275825,
  "prop_Q": 21.139327680718498,
  "prop_R": 0.1143,
  "prop_Re_07": 1540702.1544839323,
  "prop_Re_07_rounded": 2000000.0,
  "prop_T": 551.3793222906343,
  "prop_Vrel_07": 15.012610679220158,
  "prop_Vtheta_07": 14.406399446560492,
  "prop_Z": 3,
  "prop_c_07": 0.09297642837773833,
  "prop_c_mean": 0.039313381182849924,
  "prop_eta_open": 0.611750228255615,
  "prop_hub_D": 0.06,
  "prop_hub_R": 0.03,
  "prop_k_Q": 0.04030619296449111,
  "prop_k_Q_coeffs": {
    "__ndarray__": true,
    "data": [
      0.0547301580937261,
      -0.01755624680902373,
      -0.0005333861773343219,
      -0.010768694926235431
    ],
    "dtype": "float64",
    "shape": [
      4
    ]
  },
  "prop_k_T": 0.24032962579648715,
  "prop_k_T_coeffs": {
    "__ndarray__": true,
    "data": [
      0.3721782998727809,
      -0.10836841347704976,
      -0.167381253442828,
      0.02824900232697998
    ],
    "dtype": "float64",
    "shape": [
      4
    ]
  },
  "prop_n": 28.65703892109046,
  "prop_r_07": 0.08001,
  "prop_rpm": 1719.4223352654276,
  "prop_va": 4.223047997830084,
  "prop_w": 180.05748589626913,
  "system_eta_available_to_prop": 0.9319613554177189,
  "system_eta_elec_to_prop": 0.7982797331794305,
  "trans_P_out": 4084.17599463826,
  "trans_eta": 0.95,
  "trans_k": 0.6363636363636364,
  "water_mu": 0.0009268,
  "water_rho": 1023
}