{
  "air_rho": 1.1839,
  "esc_P_in": 4007.8433904161825,
  "esc_P_out": 3904.1821347827085,
  "esc_eta": 0.9741354026254231,
  "hull_B": 1.0152722270606231,
  "hull_C_B": 0.40288607944614724,
  "hull_C_T": 0.011007820209748973,
  "hull_Fn": 0.6778291430548969,
  "hull_L": 5.116124628505016,
  "hull_M": 293.7,
  "hull_S_air": 4.188174709710495,
  "hull_S_water": 4.050226176680205,
  "hull_T": 0.13718999158735545,
  "hull_T_ded": 0.09086582383384416,
  "hull_W": 0.1514430397230736,
  "hull_eta_H": 1.0713885086387838,
  "hull_k_R": 0.6,
  "hull_u": 4.80203475111645,
  "motor_P_shaft": 3658.572976344217,
  "motor_eta": 0.937090752951729,
  "motor_i": 122.76929081911709,
  "motor_n": 44.75799628832785,
  "motor_rpm": 2685.4797772996712,
  "motor_v": 32.64532493163265,
  "motor_w": 281.22278465762,
  "prop_A0": 0.041043305806897315,
  "prop_AE": 0.009942354101142746,
  "prop_A_blade": 0.0033141180337142484,
  "prop_D": 0.2286,
  "prop_I_r": 0.0005545487788185924,
  "prop_I_r_details": {
    "J_blade": 0.00010598285999434486,
    "J_hub": 0.0002366001988355578,
    "J_total": 0.0005545487788185924,
    "prop_L_radial": 0.0843,
    "prop_blade_m": 0.044740593455142356,
    "prop_blade_thickness": 0.005,
    "prop_blades_total_m": 0.13422178036542706,
    "prop_hub_m": 0.5257782196345729,
    "prop_mat_rho": 2700.0
  },
  "prop_I_ra": 0.6258266915118721,
  "prop_L_radial": 0.0843,
  "prop_P_shaft": 3791.913280261506,
  "prop_Q": 21.18861341991519,
  "prop_R": 0.1143,
  "prop_Re_07": 1527821.8663300497,
  "prop_Re_07_rounded": 2000000.0,
  "prop_T": 556.9071343026769,
  "prop_Vrel_07": 14.887105077162259,
  "prop_Vtheta_07": 14.318585909381202,
  "prop_Z": 3,
  "prop_c_07": 0.09297642837773833,
  "prop_c_mean": 0.039313381182849924,
  "prop_eta_open": 0.5984538752777554,
  "prop_hub_D": 0.06,
  "prop_hub_R": 0.03,
  "prop_k_Q": 0.040897220391258024,
  "prop_k_Q_coeffs": {
    "__ndarray__": true,
    "data": [
      0.054732801230770706,
      -0.01755621460002191,
      -0.0005334000080049961,
      -0.010768694926235431
    ],
    "dtype": "float64",
    "shape": [
      4
    ]
  },
  "prop_k_T": 0.24572551953083394,
  "prop_k_T_coeffs": {
    "__ndarray__": true,
    "data": [
      0.3721782998727809,
      -0.10836874883163258,
      -0.1673824657081153,
      0.02824900232697998
    ],
    "dtype": "float64",
    "shape": [
      4
    ]
  },
  "prop_n": 28.48236127439045,
  "prop_r_07": 0.08001,
  "prop_rpm": 1708.941676463427,
  "prop_va": 4.074800011551542,
  "prop_w": 178.9599538730309,
  "system_eta_available_to_prop": 1.090995776014726,
  "system_eta_elec_to_prop": 0.9461231168186305,
  "trans_P_out": 3475.6443275270058,
  "trans_eta": 0.95,
  "trans_k": 0.6363636363636364,
  "water_mu": 0.0009268,
  "water_rho": 1023
}