{
  "air_rho": 1.1839,
  "esc_P_in": 4032.875690732536,
  "esc_P_out": 3931.8463769582377,
  "esc_eta": 0.9749485673445225,
  "hull_B": 0.9634856741038357,
  "hull_C_B": 0.385,
  "hull_C_T": 0.008615469668681944,
  "hull_Fn": 0.6885822153767496,
  "hull_L": 5.202762254164356,
  "hull_M": 293.7,
  "hull_S_air": 4.188174709710495,
  "hull_S_water": 4.050226176680205,
  "hull_T": 0.14876074371822862,
  "hull_T_ded": 0.0855,
  "hull_W": 0.14250000000000002,
  "hull_eta_H": 1.0664723032069972,
  "hull_k_R": 0.6,
  "hull_u": 4.919345163490754,
  "motor_P_shaft": 3684.6424894834886,
  "motor_eta": 0.9371277858353175,
  "motor_i": 123.74484805736518,
  "motor_n": 44.90749575473128,
  "motor_rpm": 2694.449745283877,
  "motor_v": 32.59025126333333,
  "motor_w": 282.1621175083572,
  "prop_A0": 0.041043305806897315,
  "prop_AE": 0.009942354101142746,
  "prop_A_blade": 0.0033141180337142484,
  "prop_D": 0.2286,
  "prop_I_r": 0.0005545487788185924,
  "prop_I_r_details": {
    "J_blade": 0.00010598285999434486,
    "J_hub": 0.0002366001988355578,
    "J_total": 0.0005545487788185924,
    "prop_L_radial": 0.0843,
    "prop_blade_m": 0.044740593455142356,
    "prop_blade_thickness": 0.005,
    "prop_blades_total_m": 0.13422178036542706,
    "prop_hub_m": 0.5257782196345729,
    "prop_mat_rho": 2700.0
  },
  "prop_I_ra": 0.6457151944292607,
  "prop_L_radial": 0.0843,
  "prop_P_shaft": 3771.580122568331,
  "prop_Q": 21.00483515070164,
  "prop_R": 0.1143,
  "prop_Re_07": 1536628.3089126716,
  "prop_Re_07_rounded": 2000000.0,
  "prop_T": 547.6142642218452,
  "prop_Vrel_07": 14.972915104478076,
  "prop_Vtheta_07": 14.366412468445965,
  "prop_Z": 3,
  "prop_c_07": 0.09297642837773833,
  "prop_c_mean": 0.039313381182849924,
  "prop_eta_open": 0.6124813066751641,
  "prop_hub_D": 0.06,
  "prop_hub_R": 0.03,
  "prop_k_Q": 0.04027301359733498,
  "prop_k_Q_coeffs": {
    "__ndarray__": true,
    "data": [
      0.05473099137959194,
      -0.017556236648842902,
      -0.000533390539230433,
      -0.010768694926235431
    ],
    "dtype": "float64",
    "shape": [
      4
    ]
  },
  "prop_k_T": 0.24001911462428557,
  "prop_k_T_coeffs": {
    "__ndarray__": true,
    "data": [
      0.3721782998727809,
      -0.1083685192406736,
      -0.16738163580676133,
      0.02824900232697998
    ],
    "dtype": "float64",
    "shape": [
      4
    ]
  },
  "prop_n": 28.57749729846536,
  "prop_r_07": 0.08001,
  "prop_rpm": 1714.6498379079217,
  "prop_va": 4.2183384776933215,
  "prop_w": 179.55771114168186,
  "system_eta_available_to_prop": 1.0774679906875133,
  "system_eta_elec_to_prop": 0.935208623274787,
  "trans_P_out": 3500.410365009314,
  "trans_eta": 0.95,
  "trans_k": 0.6363636363636364,
  "water_mu": 0.0009268,
  "water_rho": 1023
}