{
  "air_rho": 1.1839,
  "esc_P_in": 3950.4429566921176,
  "esc_P_out": 3824.3746509906023,
  "esc_eta": 0.968087551931878,
  "hull_B": 0.9634856741038357,
  "hull_C_T": 0.00830774302162304,
  "hull_C_TB": 0.385,
  "hull_Fn": 0.6832591646582801,
  "hull_L": 5.202762254164356,
  "hull_M": 293.7,
  "hull_S_air": 4.188174709710495,
  "hull_S_water": 4.050226176680205,
  "hull_T": 0.14876074371822862,
  "hull_T_ded": 0.0855,
  "hull_W": 0.14250000000000002,
  "hull_eta_H": 1.0664723032069972,
  "hull_k_R": 0.6,
  "hull_u": 4.881316409302568,
  "motor_P_shaft": 3508.183745959091,
  "motor_eta": 0.9173221941135892,
  "motor_i": 122.15983072126319,
  "motor_n": 45.0087657442214,
  "motor_rpm": 2700.525944653284,
  "motor_v": 32.33831393975976,
  "motor_w": 282.79841561837975,
  "prop_A0": 0.041043305806897315,
  "prop_AE": 0.009942354101142746,
  "prop_A_blade": 0.0033141180337142484,
  "prop_D": 0.2286,
  "prop_I_r": 0.0005545487788185924,
  "prop_I_r_details": {
    "J_blade": 0.00010598285999434486,
    "J_hub": 0.0002366001988355578,
    "J_total": 0.0005545487788185924,
    "prop_L_radial": 0.0843,
    "prop_blade_m": 0.044740593455142356,
    "prop_blade_thickness": 0.005,
    "prop_blades_total_m": 0.13422178036542706,
    "prop_hub_m": 0.5257782196345729,
    "prop_mat_rho": 2700.0
  },
  "prop_I_ra": 0.639281893367356,
  "prop_L_radial": 0.0843,
  "prop_P_shaft": 3816.263665387586,
  "prop_Q": 21.205867602834683,
  "prop_R": 0.1143,
  "prop_Re_07": 1538881.2226364305,
  "prop_Re_07_rounded": 2000000.0,
  "prop_T": 554.3403899964461,
  "prop_Vrel_07": 14.99486750879596,
  "prop_Vtheta_07": 14.39880987594418,
  "prop_Z": 3,
  "prop_c_07": 0.09297642837773833,
  "prop_c_mean": 0.039313381182849924,
  "prop_eta_open": 0.6080079235835693,
  "prop_hub_D": 0.06,
  "prop_hub_R": 0.03,
  "prop_k_Q": 0.04047569965402581,
  "prop_k_Q_coeffs": {
    "__ndarray__": true,
    "data": [
      0.05473053024961239,
      -0.017556242270694425,
      -0.0005333881255920763,
      -0.010768694926235431
    ],
    "dtype": "float64",
    "shape": [
      4
    ]
  },
  "prop_k_T": 0.24187504775311433,
  "prop_k_T_coeffs": {
    "__ndarray__": true,
    "data": [
      0.3721782998727809,
      -0.10836846071678106,
      -0.16738142423188487,
      0.02824900232697998
    ],
    "dtype": "float64",
    "shape": [
      4
    ]
  },
  "prop_n": 28.6419418372318,
  "prop_r_07": 0.08001,
  "prop_rpm": 1718.516510233908,
  "prop_va": 4.185728820976951,
  "prop_w": 179.96262812078714,
  "system_eta_available_to_prop": 1.1450710506265627,
  "system_eta_elec_to_prop": 0.966034368101119,
  "trans_P_out": 3332.7745586611363,
  "trans_eta": 0.95,
  "trans_k": 0.6363636363636364,
  "water_mu": 0.0009268,
  "water_rho": 1023
}