{
  "air_rho": 1.1839,
  "esc_P_in": 3981.605807435708,
  "esc_P_out": 3882.1075420837965,
  "esc_eta": 0.9750105183275308,
  "hull_B": 1.0152722270606231,
  "hull_C_B": 0.40288607944614724,
  "hull_C_T": 0.010878369245660298,
  "hull_Fn": 0.682198532558467,
  "hull_L": 5.116124628505016,
  "hull_M": 293.7,
  "hull_S_air": 4.188174709710495,
  "hull_S_water": 4.050226176680205,
  "hull_T": 0.13718999158735545,
  "hull_T_ded": 0.09086582383384416,
  "hull_W": 0.1514430397230736,
  "hull_eta_H": 1.0713885086387838,
  "hull_k_R": 0.6,
  "hull_u": 4.832989395737871,
  "motor_P_shaft": 3640.14418560315,
  "motor_eta": 0.9376721654777322,
  "motor_i": 121.96557442066118,
  "motor_n": 44.75799628832785,
  "motor_rpm": 2685.4797772996712,
  "motor_v": 32.64532493163265,
  "motor_w": 281.22278465762,
  "prop_A0": 0.041043305806897315,
  "prop_AE": 0.009942354101142746,
  "prop_A_blade": 0.0033141180337142484,
  "prop_D": 0.2286,
  "prop_I_r": 0.0005545487788185924,
  "prop_I_r_details": {
    "J_blade": 0.00010598285999434486,
    "J_hub": 0.0002366001988355578,
    "J_total": 0.0005545487788185924,
    "prop_L_radial": 0.0843,
    "prop_blade_m": 0.044740593455142356,
    "prop_blade_thickness": 0.005,
    "prop_blades_total_m": 0.13422178036542706,
    "prop_hub_m": 0.5257782196345729,
    "prop_mat_rho": 2700.0
  },
  "prop_I_ra": 0.6298608653224315,
  "prop_L_radial": 0.0843,
  "prop_P_shaft": 3780.3184839546107,
  "prop_Q": 21.123823526668335,
  "prop_R": 0.1143,
  "prop_Re_07": 1528561.910564589,
  "prop_Re_07_rounded": 2000000.0,
  "prop_T": 554.3001766934706,
  "prop_Vrel_07": 14.894316072451781,
  "prop_Vtheta_07": 14.318585909381202,
  "prop_Z": 3,
  "prop_c_07": 0.09297642837773833,
  "prop_c_mean": 0.039313381182849924,
  "prop_eta_open": 0.6013308287024449,
  "prop_hub_D": 0.06,
  "prop_hub_R": 0.03,
  "prop_k_Q": 0.04077216612315985,
  "prop_k_Q_coeffs": {
    "__ndarray__": true,
    "data": [
      0.05473264868930798,
      -0.017556216457405804,
      -0.0005333992102042463,
      -0.010768694926235431
    ],
    "dtype": "float64",
    "shape": [
      4
    ]
  },
  "prop_k_T": 0.24457524514313153,
  "prop_k_T_coeffs": {
    "__ndarray__": true,
    "data": [
      0.3721782998727809,
      -0.1083687294872245,
      -0.1673823957909309,
      0.02824900232697998
    ],
    "dtype": "float64",
    "shape": [
      4
    ]
  },
  "prop_n": 28.48236127439045,
  "prop_r_07": 0.08001,
  "prop_rpm": 1708.941676463427,
  "prop_va": 4.101066790697947,
  "prop_w": 178.9599538730309,
  "system_eta_available_to_prop": 1.0931662076538655,
  "system_eta_elec_to_prop": 0.9494456927139321,
  "trans_P_out": 3458.1369763229923,
  "trans_eta": 0.95,
  "trans_k": 0.6363636363636364,
  "water_mu": 0.0009268,
  "water_rho": 1023
}