{
  "motor_B": 0.0012793008044770459,
  "motor_I_r": 0.011828773027862982,
  "motor_I_r_load": 0,
  "motor_K_Q": 0.10543193741528227,
  "motor_K_V": 0.10337093946599393,
  "motor_L_A": 6.336356266841513e-05,
  "motor_R_A": 0.019579524515654242
}