{
  "motor_B": 0.0012793008044770459,
  "motor_K_Q": 0.10543193741528227,
  "motor_K_V": 0.10337093946599393,
  "motor_R_A": 0.03211280350781205
}