{
  "motor_B": 0.001401819826389131,
  "motor_K_Q": 0.10638460838741098,
  "motor_K_V": 0.10178006369696158,
  "motor_R_A": 0.037189348943471354
}