{
  "motor_B": 0.001401819826389131,
  "motor_I_r": 0.011815137847671575,
  "motor_I_r_load": 0,
  "motor_K_Q": 0.10638460838741098,
  "motor_K_V": 0.10178006369696158,
  "motor_L_A": 6.24949639106588e-05,
  "motor_R_A": 0.0195442230227981
}